arm,lead,method,threshold_mmh,scale_km,fss
CorrDiff,15,advection,0.5,1,0.779351
CorrDiff,15,advection,0.5,5,0.893793
CorrDiff,15,advection,0.5,11,0.938270
CorrDiff,15,advection,0.5,21,0.965149
CorrDiff,15,advection,0.5,51,0.986161
CorrDiff,15,advection,0.5,101,0.993551
CorrDiff,15,advection,1,1,0.716718
CorrDiff,15,advection,1,5,0.859126
CorrDiff,15,advection,1,11,0.917314
CorrDiff,15,advection,1,21,0.953286
CorrDiff,15,advection,1,51,0.981438
CorrDiff,15,advection,1,101,0.990909
CorrDiff,15,advection,2,1,0.615825
CorrDiff,15,advection,2,5,0.799373
CorrDiff,15,advection,2,11,0.879712
CorrDiff,15,advection,2,21,0.929971
CorrDiff,15,advection,2,51,0.970300
CorrDiff,15,advection,2,101,0.984675
CorrDiff,15,advection,4,1,0.473316
CorrDiff,15,advection,4,5,0.706739
CorrDiff,15,advection,4,11,0.821721
CorrDiff,15,advection,4,21,0.893797
CorrDiff,15,advection,4,51,0.949497
CorrDiff,15,advection,4,101,0.970489
CorrDiff,15,advection,8,1,0.337340
CorrDiff,15,advection,8,5,0.603000
CorrDiff,15,advection,8,11,0.756484
CorrDiff,15,advection,8,21,0.848470
CorrDiff,15,advection,8,51,0.923256
CorrDiff,15,advection,8,101,0.952102
CorrDiff,15,model_m0,0.5,1,0.764179
CorrDiff,15,model_m0,0.5,5,0.886815
CorrDiff,15,model_m0,0.5,11,0.936149
CorrDiff,15,model_m0,0.5,21,0.965792
CorrDiff,15,model_m0,0.5,51,0.987831
CorrDiff,15,model_m0,0.5,101,0.994888
CorrDiff,15,model_m0,1,1,0.700208
CorrDiff,15,model_m0,1,5,0.851044
CorrDiff,15,model_m0,1,11,0.914292
CorrDiff,15,model_m0,1,21,0.953300
CorrDiff,15,model_m0,1,51,0.982949
CorrDiff,15,model_m0,1,101,0.992485
CorrDiff,15,model_m0,2,1,0.602702
CorrDiff,15,model_m0,2,5,0.792434
CorrDiff,15,model_m0,2,11,0.876654
CorrDiff,15,model_m0,2,21,0.929693
CorrDiff,15,model_m0,2,51,0.971645
CorrDiff,15,model_m0,2,101,0.986167
CorrDiff,15,model_m0,4,1,0.475133
CorrDiff,15,model_m0,4,5,0.704312
CorrDiff,15,model_m0,4,11,0.817690
CorrDiff,15,model_m0,4,21,0.893105
CorrDiff,15,model_m0,4,51,0.953485
CorrDiff,15,model_m0,4,101,0.974828
CorrDiff,15,model_m0,8,1,0.337208
CorrDiff,15,model_m0,8,5,0.570512
CorrDiff,15,model_m0,8,11,0.708317
CorrDiff,15,model_m0,8,21,0.812531
CorrDiff,15,model_m0,8,51,0.904845
CorrDiff,15,model_m0,8,101,0.940197
CorrDiff,15,model_mean,0.5,1,0.811898
CorrDiff,15,model_mean,0.5,5,0.912049
CorrDiff,15,model_mean,0.5,11,0.948565
CorrDiff,15,model_mean,0.5,21,0.969762
CorrDiff,15,model_mean,0.5,51,0.985685
CorrDiff,15,model_mean,0.5,101,0.991162
CorrDiff,15,model_mean,1,1,0.767467
CorrDiff,15,model_mean,1,5,0.889702
CorrDiff,15,model_mean,1,11,0.935135
CorrDiff,15,model_mean,1,21,0.962176
CorrDiff,15,model_mean,1,51,0.983036
CorrDiff,15,model_mean,1,101,0.990180
CorrDiff,15,model_mean,2,1,0.689587
CorrDiff,15,model_mean,2,5,0.847635
CorrDiff,15,model_mean,2,11,0.909336
CorrDiff,15,model_mean,2,21,0.946721
CorrDiff,15,model_mean,2,51,0.976143
CorrDiff,15,model_mean,2,101,0.986643
CorrDiff,15,model_mean,4,1,0.573684
CorrDiff,15,model_mean,4,5,0.775111
CorrDiff,15,model_mean,4,11,0.859927
CorrDiff,15,model_mean,4,21,0.913854
CorrDiff,15,model_mean,4,51,0.956336
CorrDiff,15,model_mean,4,101,0.972295
CorrDiff,15,model_mean,8,1,0.428214
CorrDiff,15,model_mean,8,5,0.647917
CorrDiff,15,model_mean,8,11,0.756705
CorrDiff,15,model_mean,8,21,0.834158
CorrDiff,15,model_mean,8,51,0.903961
CorrDiff,15,model_mean,8,101,0.932017
CorrDiff,15,persistence,0.5,1,0.644923
CorrDiff,15,persistence,0.5,5,0.763315
CorrDiff,15,persistence,0.5,11,0.842810
CorrDiff,15,persistence,0.5,21,0.912684
CorrDiff,15,persistence,0.5,51,0.970793
CorrDiff,15,persistence,0.5,101,0.987962
CorrDiff,15,persistence,1,1,0.570306
CorrDiff,15,persistence,1,5,0.707370
CorrDiff,15,persistence,1,11,0.802097
CorrDiff,15,persistence,1,21,0.888079
CorrDiff,15,persistence,1,51,0.962242
CorrDiff,15,persistence,1,101,0.984068
CorrDiff,15,persistence,2,1,0.465241
CorrDiff,15,persistence,2,5,0.621696
CorrDiff,15,persistence,2,11,0.735414
CorrDiff,15,persistence,2,21,0.843780
CorrDiff,15,persistence,2,51,0.944325
CorrDiff,15,persistence,2,101,0.976403
CorrDiff,15,persistence,4,1,0.348916
CorrDiff,15,persistence,4,5,0.511875
CorrDiff,15,persistence,4,11,0.639655
CorrDiff,15,persistence,4,21,0.772339
CorrDiff,15,persistence,4,51,0.909462
CorrDiff,15,persistence,4,101,0.956281
CorrDiff,15,persistence,8,1,0.233925
CorrDiff,15,persistence,8,5,0.359699
CorrDiff,15,persistence,8,11,0.495811
CorrDiff,15,persistence,8,21,0.673889
CorrDiff,15,persistence,8,51,0.873238
CorrDiff,15,persistence,8,101,0.933499
CorrDiff,30,advection,0.5,1,0.694665
CorrDiff,30,advection,0.5,5,0.811057
CorrDiff,30,advection,0.5,11,0.871742
CorrDiff,30,advection,0.5,21,0.915994
CorrDiff,30,advection,0.5,51,0.959988
CorrDiff,30,advection,0.5,101,0.979825
CorrDiff,30,advection,1,1,0.618446
CorrDiff,30,advection,1,5,0.758480
CorrDiff,30,advection,1,11,0.834481
CorrDiff,30,advection,1,21,0.891027
CorrDiff,30,advection,1,51,0.948239
CorrDiff,30,advection,1,101,0.973685
CorrDiff,30,advection,2,1,0.500008
CorrDiff,30,advection,2,5,0.670283
CorrDiff,30,advection,2,11,0.769339
CorrDiff,30,advection,2,21,0.844123
CorrDiff,30,advection,2,51,0.920728
CorrDiff,30,advection,2,101,0.957439
CorrDiff,30,advection,4,1,0.340423
CorrDiff,30,advection,4,5,0.536874
CorrDiff,30,advection,4,11,0.667077
CorrDiff,30,advection,4,21,0.768201
CorrDiff,30,advection,4,51,0.875250
CorrDiff,30,advection,4,101,0.928572
CorrDiff,30,advection,8,1,0.186046
CorrDiff,30,advection,8,5,0.369951
CorrDiff,30,advection,8,11,0.529748
CorrDiff,30,advection,8,21,0.666259
CorrDiff,30,advection,8,51,0.814872
CorrDiff,30,advection,8,101,0.881864
CorrDiff,30,model_m0,0.5,1,0.687226
CorrDiff,30,model_m0,0.5,5,0.808581
CorrDiff,30,model_m0,0.5,11,0.873241
CorrDiff,30,model_m0,0.5,21,0.921589
CorrDiff,30,model_m0,0.5,51,0.967539
CorrDiff,30,model_m0,0.5,101,0.985576
CorrDiff,30,model_m0,1,1,0.612938
CorrDiff,30,model_m0,1,5,0.757590
CorrDiff,30,model_m0,1,11,0.836599
CorrDiff,30,model_m0,1,21,0.897120
CorrDiff,30,model_m0,1,51,0.956311
CorrDiff,30,model_m0,1,101,0.980746
CorrDiff,30,model_m0,2,1,0.501515
CorrDiff,30,model_m0,2,5,0.672551
CorrDiff,30,model_m0,2,11,0.771129
CorrDiff,30,model_m0,2,21,0.849142
CorrDiff,30,model_m0,2,51,0.928830
CorrDiff,30,model_m0,2,101,0.964825
CorrDiff,30,model_m0,4,1,0.366166
CorrDiff,30,model_m0,4,5,0.554355
CorrDiff,30,model_m0,4,11,0.675085
CorrDiff,30,model_m0,4,21,0.779158
CorrDiff,30,model_m0,4,51,0.889709
CorrDiff,30,model_m0,4,101,0.938362
CorrDiff,30,model_m0,8,1,0.235553
CorrDiff,30,model_m0,8,5,0.404310
CorrDiff,30,model_m0,8,11,0.534482
CorrDiff,30,model_m0,8,21,0.661224
CorrDiff,30,model_m0,8,51,0.808274
CorrDiff,30,model_m0,8,101,0.866647
CorrDiff,30,model_mean,0.5,1,0.745166
CorrDiff,30,model_mean,0.5,5,0.848517
CorrDiff,30,model_mean,0.5,11,0.897355
CorrDiff,30,model_mean,0.5,21,0.931848
CorrDiff,30,model_mean,0.5,51,0.964558
CorrDiff,30,model_mean,0.5,101,0.978234
CorrDiff,30,model_mean,1,1,0.692008
CorrDiff,30,model_mean,1,5,0.814654
CorrDiff,30,model_mean,1,11,0.874232
CorrDiff,30,model_mean,1,21,0.917402
CorrDiff,30,model_mean,1,51,0.959130
CorrDiff,30,model_mean,1,101,0.976869
CorrDiff,30,model_mean,2,1,0.597136
CorrDiff,30,model_mean,2,5,0.750414
CorrDiff,30,model_mean,2,11,0.828142
CorrDiff,30,model_mean,2,21,0.886894
CorrDiff,30,model_mean,2,51,0.943259
CorrDiff,30,model_mean,2,101,0.967403
CorrDiff,30,model_mean,4,1,0.462142
CorrDiff,30,model_mean,4,5,0.643696
CorrDiff,30,model_mean,4,11,0.741972
CorrDiff,30,model_mean,4,21,0.820836
CorrDiff,30,model_mean,4,51,0.897253
CorrDiff,30,model_mean,4,101,0.930476
CorrDiff,30,model_mean,8,1,0.302932
CorrDiff,30,model_mean,8,5,0.471698
CorrDiff,30,model_mean,8,11,0.582905
CorrDiff,30,model_mean,8,21,0.687915
CorrDiff,30,model_mean,8,51,0.795520
CorrDiff,30,model_mean,8,101,0.835687
CorrDiff,30,persistence,0.5,1,0.560712
CorrDiff,30,persistence,0.5,5,0.665127
CorrDiff,30,persistence,0.5,11,0.739045
CorrDiff,30,persistence,0.5,21,0.817231
CorrDiff,30,persistence,0.5,51,0.918264
CorrDiff,30,persistence,0.5,101,0.961602
CorrDiff,30,persistence,1,1,0.480605
CorrDiff,30,persistence,1,5,0.597629
CorrDiff,30,persistence,1,11,0.682332
CorrDiff,30,persistence,1,21,0.774337
CorrDiff,30,persistence,1,51,0.897690
CorrDiff,30,persistence,1,101,0.951493
CorrDiff,30,persistence,2,1,0.369951
CorrDiff,30,persistence,2,5,0.494759
CorrDiff,30,persistence,2,11,0.588736
CorrDiff,30,persistence,2,21,0.696705
CorrDiff,30,persistence,2,51,0.853123
CorrDiff,30,persistence,2,101,0.929065
CorrDiff,30,persistence,4,1,0.253428
CorrDiff,30,persistence,4,5,0.366268
CorrDiff,30,persistence,4,11,0.456624
CorrDiff,30,persistence,4,21,0.572934
CorrDiff,30,persistence,4,51,0.766016
CorrDiff,30,persistence,4,101,0.877732
CorrDiff,30,persistence,8,1,0.164059
CorrDiff,30,persistence,8,5,0.233114
CorrDiff,30,persistence,8,11,0.302467
CorrDiff,30,persistence,8,21,0.430446
CorrDiff,30,persistence,8,51,0.681507
CorrDiff,30,persistence,8,101,0.820175
CorrDiff,45,advection,0.5,1,0.631419
CorrDiff,45,advection,0.5,5,0.743027
CorrDiff,45,advection,0.5,11,0.810821
CorrDiff,45,advection,0.5,21,0.866241
CorrDiff,45,advection,0.5,51,0.928889
CorrDiff,45,advection,0.5,101,0.961801
CorrDiff,45,advection,1,1,0.547788
CorrDiff,45,advection,1,5,0.678766
CorrDiff,45,advection,1,11,0.761597
CorrDiff,45,advection,1,21,0.830718
CorrDiff,45,advection,1,51,0.910107
CorrDiff,45,advection,1,101,0.951310
CorrDiff,45,advection,2,1,0.423181
CorrDiff,45,advection,2,5,0.575728
CorrDiff,45,advection,2,11,0.678027
CorrDiff,45,advection,2,21,0.764114
CorrDiff,45,advection,2,51,0.866258
CorrDiff,45,advection,2,101,0.924388
CorrDiff,45,advection,4,1,0.272066
CorrDiff,45,advection,4,5,0.438443
CorrDiff,45,advection,4,11,0.564037
CorrDiff,45,advection,4,21,0.674395
CorrDiff,45,advection,4,51,0.806293
CorrDiff,45,advection,4,101,0.881278
CorrDiff,45,advection,8,1,0.129996
CorrDiff,45,advection,8,5,0.256474
CorrDiff,45,advection,8,11,0.381325
CorrDiff,45,advection,8,21,0.516266
CorrDiff,45,advection,8,51,0.688952
CorrDiff,45,advection,8,101,0.784542
CorrDiff,45,model_m0,0.5,1,0.633896
CorrDiff,45,model_m0,0.5,5,0.750214
CorrDiff,45,model_m0,0.5,11,0.820878
CorrDiff,45,model_m0,0.5,21,0.880335
CorrDiff,45,model_m0,0.5,51,0.944016
CorrDiff,45,model_m0,0.5,101,0.973802
CorrDiff,45,model_m0,1,1,0.553854
CorrDiff,45,model_m0,1,5,0.688955
CorrDiff,45,model_m0,1,11,0.772855
CorrDiff,45,model_m0,1,21,0.845385
CorrDiff,45,model_m0,1,51,0.926610
CorrDiff,45,model_m0,1,101,0.965481
CorrDiff,45,model_m0,2,1,0.436498
CorrDiff,45,model_m0,2,5,0.590008
CorrDiff,45,model_m0,2,11,0.689814
CorrDiff,45,model_m0,2,21,0.779681
CorrDiff,45,model_m0,2,51,0.887196
CorrDiff,45,model_m0,2,101,0.942961
CorrDiff,45,model_m0,4,1,0.308227
CorrDiff,45,model_m0,4,5,0.468235
CorrDiff,45,model_m0,4,11,0.580845
CorrDiff,45,model_m0,4,21,0.690738
CorrDiff,45,model_m0,4,51,0.828579
CorrDiff,45,model_m0,4,101,0.898737
CorrDiff,45,model_m0,8,1,0.190452
CorrDiff,45,model_m0,8,5,0.320770
CorrDiff,45,model_m0,8,11,0.436599
CorrDiff,45,model_m0,8,21,0.576144
CorrDiff,45,model_m0,8,51,0.747847
CorrDiff,45,model_m0,8,101,0.822240
CorrDiff,45,model_mean,0.5,1,0.695396
CorrDiff,45,model_mean,0.5,5,0.797946
CorrDiff,45,model_mean,0.5,11,0.852742
CorrDiff,45,model_mean,0.5,21,0.895795
CorrDiff,45,model_mean,0.5,51,0.941345
CorrDiff,45,model_mean,0.5,101,0.963304
CorrDiff,45,model_mean,1,1,0.638793
CorrDiff,45,model_mean,1,5,0.758621
CorrDiff,45,model_mean,1,11,0.823905
CorrDiff,45,model_mean,1,21,0.876609
CorrDiff,45,model_mean,1,51,0.934008
CorrDiff,45,model_mean,1,101,0.961946
CorrDiff,45,model_mean,2,1,0.533861
CorrDiff,45,model_mean,2,5,0.679182
CorrDiff,45,model_mean,2,11,0.760527
CorrDiff,45,model_mean,2,21,0.828399
CorrDiff,45,model_mean,2,51,0.905451
CorrDiff,45,model_mean,2,101,0.943669
CorrDiff,45,model_mean,4,1,0.395231
CorrDiff,45,model_mean,4,5,0.557088
CorrDiff,45,model_mean,4,11,0.652118
CorrDiff,45,model_mean,4,21,0.737862
CorrDiff,45,model_mean,4,51,0.837896
CorrDiff,45,model_mean,4,101,0.884498
CorrDiff,45,model_mean,8,1,0.257090
CorrDiff,45,model_mean,8,5,0.392639
CorrDiff,45,model_mean,8,11,0.492027
CorrDiff,45,model_mean,8,21,0.603228
CorrDiff,45,model_mean,8,51,0.734306
CorrDiff,45,model_mean,8,101,0.779945
CorrDiff,45,persistence,0.5,1,0.514963
CorrDiff,45,persistence,0.5,5,0.611022
CorrDiff,45,persistence,0.5,11,0.679737
CorrDiff,45,persistence,0.5,21,0.754264
CorrDiff,45,persistence,0.5,51,0.867189
CorrDiff,45,persistence,0.5,101,0.930141
CorrDiff,45,persistence,1,1,0.433598
CorrDiff,45,persistence,1,5,0.539783
CorrDiff,45,persistence,1,11,0.617280
CorrDiff,45,persistence,1,21,0.703205
CorrDiff,45,persistence,1,51,0.836241
CorrDiff,45,persistence,1,101,0.912362
CorrDiff,45,persistence,2,1,0.322428
CorrDiff,45,persistence,2,5,0.431153
CorrDiff,45,persistence,2,11,0.513422
CorrDiff,45,persistence,2,21,0.609112
CorrDiff,45,persistence,2,51,0.769506
CorrDiff,45,persistence,2,101,0.873773
CorrDiff,45,persistence,4,1,0.213421
CorrDiff,45,persistence,4,5,0.305642
CorrDiff,45,persistence,4,11,0.378983
CorrDiff,45,persistence,4,21,0.475456
CorrDiff,45,persistence,4,51,0.654688
CorrDiff,45,persistence,4,101,0.793339
CorrDiff,45,persistence,8,1,0.141942
CorrDiff,45,persistence,8,5,0.195833
CorrDiff,45,persistence,8,11,0.248866
CorrDiff,45,persistence,8,21,0.345504
CorrDiff,45,persistence,8,51,0.542938
CorrDiff,45,persistence,8,101,0.707236
CorrDiff,60,advection,0.5,1,0.578175
CorrDiff,60,advection,0.5,5,0.683232
CorrDiff,60,advection,0.5,11,0.753073
CorrDiff,60,advection,0.5,21,0.815624
CorrDiff,60,advection,0.5,51,0.893454
CorrDiff,60,advection,0.5,101,0.939257
CorrDiff,60,advection,1,1,0.490980
CorrDiff,60,advection,1,5,0.612174
CorrDiff,60,advection,1,11,0.695712
CorrDiff,60,advection,1,21,0.771734
CorrDiff,60,advection,1,51,0.867033
CorrDiff,60,advection,1,101,0.922813
CorrDiff,60,advection,2,1,0.362214
CorrDiff,60,advection,2,5,0.497832
CorrDiff,60,advection,2,11,0.597080
CorrDiff,60,advection,2,21,0.688930
CorrDiff,60,advection,2,51,0.807703
CorrDiff,60,advection,2,101,0.882343
CorrDiff,60,advection,4,1,0.223304
CorrDiff,60,advection,4,5,0.363215
CorrDiff,60,advection,4,11,0.476833
CorrDiff,60,advection,4,21,0.585793
CorrDiff,60,advection,4,51,0.729232
CorrDiff,60,advection,4,101,0.820660
CorrDiff,60,advection,8,1,0.093206
CorrDiff,60,advection,8,5,0.181418
CorrDiff,60,advection,8,11,0.276402
CorrDiff,60,advection,8,21,0.394595
CorrDiff,60,advection,8,51,0.571105
CorrDiff,60,advection,8,101,0.681693
CorrDiff,60,model_m0,0.5,1,0.591682
CorrDiff,60,model_m0,0.5,5,0.702245
CorrDiff,60,model_m0,0.5,11,0.774152
CorrDiff,60,model_m0,0.5,21,0.840225
CorrDiff,60,model_m0,0.5,51,0.919126
CorrDiff,60,model_m0,0.5,101,0.960418
CorrDiff,60,model_m0,1,1,0.509102
CorrDiff,60,model_m0,1,5,0.636040
CorrDiff,60,model_m0,1,11,0.720484
CorrDiff,60,model_m0,1,21,0.799773
CorrDiff,60,model_m0,1,51,0.896554
CorrDiff,60,model_m0,1,101,0.948178
CorrDiff,60,model_m0,2,1,0.389632
CorrDiff,60,model_m0,2,5,0.529081
CorrDiff,60,model_m0,2,11,0.626105
CorrDiff,60,model_m0,2,21,0.720636
CorrDiff,60,model_m0,2,51,0.844964
CorrDiff,60,model_m0,2,101,0.916656
CorrDiff,60,model_m0,4,1,0.268490
CorrDiff,60,model_m0,4,5,0.408410
CorrDiff,60,model_m0,4,11,0.511691
CorrDiff,60,model_m0,4,21,0.620865
CorrDiff,60,model_m0,4,51,0.770957
CorrDiff,60,model_m0,4,101,0.859458
CorrDiff,60,model_m0,8,1,0.165157
CorrDiff,60,model_m0,8,5,0.270309
CorrDiff,60,model_m0,8,11,0.370800
CorrDiff,60,model_m0,8,21,0.506659
CorrDiff,60,model_m0,8,51,0.698184
CorrDiff,60,model_m0,8,101,0.795166
CorrDiff,60,model_mean,0.5,1,0.654701
CorrDiff,60,model_mean,0.5,5,0.755915
CorrDiff,60,model_mean,0.5,11,0.813568
CorrDiff,60,model_mean,0.5,21,0.862503
CorrDiff,60,model_mean,0.5,51,0.918089
CorrDiff,60,model_mean,0.5,101,0.947279
CorrDiff,60,model_mean,1,1,0.594860
CorrDiff,60,model_mean,1,5,0.712809
CorrDiff,60,model_mean,1,11,0.781132
CorrDiff,60,model_mean,1,21,0.840112
CorrDiff,60,model_mean,1,51,0.908998
CorrDiff,60,model_mean,1,101,0.945598
CorrDiff,60,model_mean,2,1,0.481362
CorrDiff,60,model_mean,2,5,0.618606
CorrDiff,60,model_mean,2,11,0.701141
CorrDiff,60,model_mean,2,21,0.776052
CorrDiff,60,model_mean,2,51,0.867155
CorrDiff,60,model_mean,2,101,0.916482
CorrDiff,60,model_mean,4,1,0.346917
CorrDiff,60,model_mean,4,5,0.493442
CorrDiff,60,model_mean,4,11,0.583486
CorrDiff,60,model_mean,4,21,0.671468
CorrDiff,60,model_mean,4,51,0.785958
CorrDiff,60,model_mean,4,101,0.844534
CorrDiff,60,model_mean,8,1,0.222589
CorrDiff,60,model_mean,8,5,0.323558
CorrDiff,60,model_mean,8,11,0.395894
CorrDiff,60,model_mean,8,21,0.491735
CorrDiff,60,model_mean,8,51,0.610841
CorrDiff,60,model_mean,8,101,0.645442
CorrDiff,60,persistence,0.5,1,0.482536
CorrDiff,60,persistence,0.5,5,0.572623
CorrDiff,60,persistence,0.5,11,0.637068
CorrDiff,60,persistence,0.5,21,0.707571
CorrDiff,60,persistence,0.5,51,0.820363
CorrDiff,60,persistence,0.5,101,0.895493
CorrDiff,60,persistence,1,1,0.400942
CorrDiff,60,persistence,1,5,0.499237
CorrDiff,60,persistence,1,11,0.570822
CorrDiff,60,persistence,1,21,0.650907
CorrDiff,60,persistence,1,51,0.781311
CorrDiff,60,persistence,1,101,0.870106
CorrDiff,60,persistence,2,1,0.289708
CorrDiff,60,persistence,2,5,0.387258
CorrDiff,60,persistence,2,11,0.460780
CorrDiff,60,persistence,2,21,0.547486
CorrDiff,60,persistence,2,51,0.699141
CorrDiff,60,persistence,2,101,0.814647
CorrDiff,60,persistence,4,1,0.189640
CorrDiff,60,persistence,4,5,0.269605
CorrDiff,60,persistence,4,11,0.330192
CorrDiff,60,persistence,4,21,0.409452
CorrDiff,60,persistence,4,51,0.563539
CorrDiff,60,persistence,4,101,0.706517
CorrDiff,60,persistence,8,1,0.124942
CorrDiff,60,persistence,8,5,0.166055
CorrDiff,60,persistence,8,11,0.203026
CorrDiff,60,persistence,8,21,0.274583
CorrDiff,60,persistence,8,51,0.434494
CorrDiff,60,persistence,8,101,0.598845
CorrDiff,pooled,advection,0.5,1,0.670603
CorrDiff,pooled,advection,0.5,5,0.782403
CorrDiff,pooled,advection,0.5,11,0.843100
CorrDiff,pooled,advection,0.5,21,0.890408
CorrDiff,pooled,advection,0.5,51,0.941869
CorrDiff,pooled,advection,0.5,101,0.968450
CorrDiff,pooled,advection,1,1,0.593022
CorrDiff,pooled,advection,1,5,0.726552
CorrDiff,pooled,advection,1,11,0.801677
CorrDiff,pooled,advection,1,21,0.861133
CorrDiff,pooled,advection,1,51,0.926266
CorrDiff,pooled,advection,1,101,0.959414
CorrDiff,pooled,advection,2,1,0.474913
CorrDiff,pooled,advection,2,5,0.635320
CorrDiff,pooled,advection,2,11,0.730542
CorrDiff,pooled,advection,2,21,0.806342
CorrDiff,pooled,advection,2,51,0.890941
CorrDiff,pooled,advection,2,101,0.937052
CorrDiff,pooled,advection,4,1,0.327822
CorrDiff,pooled,advection,4,5,0.512396
CorrDiff,pooled,advection,4,11,0.633598
CorrDiff,pooled,advection,4,21,0.731662
CorrDiff,pooled,advection,4,51,0.840848
CorrDiff,pooled,advection,4,101,0.900794
CorrDiff,pooled,advection,8,1,0.188596
CorrDiff,pooled,advection,8,5,0.357346
CorrDiff,pooled,advection,8,11,0.492109
CorrDiff,pooled,advection,8,21,0.612201
CorrDiff,pooled,advection,8,51,0.753829
CorrDiff,pooled,advection,8,101,0.828942
CorrDiff,pooled,model_m0,0.5,1,0.668836
CorrDiff,pooled,model_m0,0.5,5,0.786488
CorrDiff,pooled,model_m0,0.5,11,0.850655
CorrDiff,pooled,model_m0,0.5,21,0.901598
CorrDiff,pooled,model_m0,0.5,51,0.954378
CorrDiff,pooled,model_m0,0.5,101,0.978546
CorrDiff,pooled,model_m0,1,1,0.593571
CorrDiff,pooled,model_m0,1,5,0.732836
CorrDiff,pooled,model_m0,1,11,0.810496
CorrDiff,pooled,model_m0,1,21,0.873400
CorrDiff,pooled,model_m0,1,51,0.940260
CorrDiff,pooled,model_m0,1,101,0.971552
CorrDiff,pooled,model_m0,2,1,0.482050
CorrDiff,pooled,model_m0,2,5,0.645245
CorrDiff,pooled,model_m0,2,11,0.740111
CorrDiff,pooled,model_m0,2,21,0.819032
CorrDiff,pooled,model_m0,2,51,0.907611
CorrDiff,pooled,model_m0,2,101,0.952361
CorrDiff,pooled,model_m0,4,1,0.354665
CorrDiff,pooled,model_m0,4,5,0.534304
CorrDiff,pooled,model_m0,4,11,0.646953
CorrDiff,pooled,model_m0,4,21,0.746489
CorrDiff,pooled,model_m0,4,51,0.860721
CorrDiff,pooled,model_m0,4,101,0.917793
CorrDiff,pooled,model_m0,8,1,0.233256
CorrDiff,pooled,model_m0,8,5,0.395428
CorrDiff,pooled,model_m0,8,11,0.518942
CorrDiff,pooled,model_m0,8,21,0.645876
CorrDiff,pooled,model_m0,8,51,0.794483
CorrDiff,pooled,model_m0,8,101,0.859848
CorrDiff,pooled,model_mean,0.5,1,0.725165
CorrDiff,pooled,model_mean,0.5,5,0.826984
CorrDiff,pooled,model_mean,0.5,11,0.876392
CorrDiff,pooled,model_mean,0.5,21,0.913395
CorrDiff,pooled,model_mean,0.5,51,0.951223
CorrDiff,pooled,model_mean,0.5,101,0.969173
CorrDiff,pooled,model_mean,1,1,0.672756
CorrDiff,pooled,model_mean,1,5,0.793340
CorrDiff,pooled,model_mean,1,11,0.852675
CorrDiff,pooled,model_mean,1,21,0.897978
CorrDiff,pooled,model_mean,1,51,0.945374
CorrDiff,pooled,model_mean,1,101,0.968059
CorrDiff,pooled,model_mean,2,1,0.577172
CorrDiff,pooled,model_mean,2,5,0.725957
CorrDiff,pooled,model_mean,2,11,0.801051
CorrDiff,pooled,model_mean,2,21,0.859967
CorrDiff,pooled,model_mean,2,51,0.922840
CorrDiff,pooled,model_mean,2,101,0.953405
CorrDiff,pooled,model_mean,4,1,0.450275
CorrDiff,pooled,model_mean,4,5,0.626025
CorrDiff,pooled,model_mean,4,11,0.717563
CorrDiff,pooled,model_mean,4,21,0.792235
CorrDiff,pooled,model_mean,4,51,0.872827
CorrDiff,pooled,model_mean,4,101,0.910515
CorrDiff,pooled,model_mean,8,1,0.311004
CorrDiff,pooled,model_mean,8,5,0.476772
CorrDiff,pooled,model_mean,8,11,0.577922
CorrDiff,pooled,model_mean,8,21,0.673311
CorrDiff,pooled,model_mean,8,51,0.776573
CorrDiff,pooled,model_mean,8,101,0.814956
CorrDiff,pooled,persistence,0.5,1,0.550427
CorrDiff,pooled,persistence,0.5,5,0.652538
CorrDiff,pooled,persistence,0.5,11,0.724094
CorrDiff,pooled,persistence,0.5,21,0.797310
CorrDiff,pooled,persistence,0.5,51,0.893616
CorrDiff,pooled,persistence,0.5,101,0.943449
CorrDiff,pooled,persistence,1,1,0.470985
CorrDiff,pooled,persistence,1,5,0.585469
CorrDiff,pooled,persistence,1,11,0.667479
CorrDiff,pooled,persistence,1,21,0.753395
CorrDiff,pooled,persistence,1,51,0.868685
CorrDiff,pooled,persistence,1,101,0.929042
CorrDiff,pooled,persistence,2,1,0.361497
CorrDiff,pooled,persistence,2,5,0.483231
CorrDiff,pooled,persistence,2,11,0.573985
CorrDiff,pooled,persistence,2,21,0.673601
CorrDiff,pooled,persistence,2,51,0.815923
CorrDiff,pooled,persistence,2,101,0.898054
CorrDiff,pooled,persistence,4,1,0.251550
CorrDiff,pooled,persistence,4,5,0.363804
CorrDiff,pooled,persistence,4,11,0.452015
CorrDiff,pooled,persistence,4,21,0.558350
CorrDiff,pooled,persistence,4,51,0.724133
CorrDiff,pooled,persistence,4,101,0.834126
CorrDiff,pooled,persistence,8,1,0.166669
CorrDiff,pooled,persistence,8,5,0.239852
CorrDiff,pooled,persistence,8,11,0.314783
CorrDiff,pooled,persistence,8,21,0.434114
CorrDiff,pooled,persistence,8,51,0.635598
CorrDiff,pooled,persistence,8,101,0.767550
ml_v2,15,advection,0.5,1,0.779351
ml_v2,15,advection,0.5,5,0.893793
ml_v2,15,advection,0.5,11,0.938270
ml_v2,15,advection,0.5,21,0.965149
ml_v2,15,advection,0.5,51,0.986161
ml_v2,15,advection,0.5,101,0.993551
ml_v2,15,advection,1,1,0.716718
ml_v2,15,advection,1,5,0.859126
ml_v2,15,advection,1,11,0.917314
ml_v2,15,advection,1,21,0.953286
ml_v2,15,advection,1,51,0.981438
ml_v2,15,advection,1,101,0.990909
ml_v2,15,advection,2,1,0.615825
ml_v2,15,advection,2,5,0.799373
ml_v2,15,advection,2,11,0.879712
ml_v2,15,advection,2,21,0.929971
ml_v2,15,advection,2,51,0.970300
ml_v2,15,advection,2,101,0.984675
ml_v2,15,advection,4,1,0.473316
ml_v2,15,advection,4,5,0.706739
ml_v2,15,advection,4,11,0.821721
ml_v2,15,advection,4,21,0.893797
ml_v2,15,advection,4,51,0.949497
ml_v2,15,advection,4,101,0.970489
ml_v2,15,advection,8,1,0.337340
ml_v2,15,advection,8,5,0.603000
ml_v2,15,advection,8,11,0.756484
ml_v2,15,advection,8,21,0.848470
ml_v2,15,advection,8,51,0.923256
ml_v2,15,advection,8,101,0.952102
ml_v2,15,model_m0,0.5,1,0.756574
ml_v2,15,model_m0,0.5,5,0.879307
ml_v2,15,model_m0,0.5,11,0.930195
ml_v2,15,model_m0,0.5,21,0.961788
ml_v2,15,model_m0,0.5,51,0.986004
ml_v2,15,model_m0,0.5,101,0.993963
ml_v2,15,model_m0,1,1,0.692068
ml_v2,15,model_m0,1,5,0.842517
ml_v2,15,model_m0,1,11,0.907116
ml_v2,15,model_m0,1,21,0.948368
ml_v2,15,model_m0,1,51,0.980727
ml_v2,15,model_m0,1,101,0.991084
ml_v2,15,model_m0,2,1,0.592027
ml_v2,15,model_m0,2,5,0.779770
ml_v2,15,model_m0,2,11,0.865305
ml_v2,15,model_m0,2,21,0.921453
ml_v2,15,model_m0,2,51,0.967444
ml_v2,15,model_m0,2,101,0.983436
ml_v2,15,model_m0,4,1,0.463957
ml_v2,15,model_m0,4,5,0.689834
ml_v2,15,model_m0,4,11,0.803998
ml_v2,15,model_m0,4,21,0.882413
ml_v2,15,model_m0,4,51,0.947603
ml_v2,15,model_m0,4,101,0.970679
ml_v2,15,model_m0,8,1,0.333720
ml_v2,15,model_m0,8,5,0.566716
ml_v2,15,model_m0,8,11,0.704809
ml_v2,15,model_m0,8,21,0.809292
ml_v2,15,model_m0,8,51,0.902038
ml_v2,15,model_m0,8,101,0.936430
ml_v2,15,model_mean,0.5,1,0.806239
ml_v2,15,model_mean,0.5,5,0.906920
ml_v2,15,model_mean,0.5,11,0.944707
ml_v2,15,model_mean,0.5,21,0.967213
ml_v2,15,model_mean,0.5,51,0.984344
ml_v2,15,model_mean,0.5,101,0.990294
ml_v2,15,model_mean,1,1,0.760800
ml_v2,15,model_mean,1,5,0.883635
ml_v2,15,model_mean,1,11,0.930573
ml_v2,15,model_mean,1,21,0.959259
ml_v2,15,model_mean,1,51,0.981817
ml_v2,15,model_mean,1,101,0.989416
ml_v2,15,model_mean,2,1,0.680381
ml_v2,15,model_mean,2,5,0.839115
ml_v2,15,model_mean,2,11,0.902586
ml_v2,15,model_mean,2,21,0.942226
ml_v2,15,model_mean,2,51,0.974437
ml_v2,15,model_mean,2,101,0.985911
ml_v2,15,model_mean,4,1,0.563130
ml_v2,15,model_mean,4,5,0.764836
ml_v2,15,model_mean,4,11,0.851045
ml_v2,15,model_mean,4,21,0.907035
ml_v2,15,model_mean,4,51,0.951871
ml_v2,15,model_mean,4,101,0.968151
ml_v2,15,model_mean,8,1,0.418049
ml_v2,15,model_mean,8,5,0.637517
ml_v2,15,model_mean,8,11,0.749854
ml_v2,15,model_mean,8,21,0.829981
ml_v2,15,model_mean,8,51,0.900739
ml_v2,15,model_mean,8,101,0.926177
ml_v2,15,persistence,0.5,1,0.644923
ml_v2,15,persistence,0.5,5,0.763315
ml_v2,15,persistence,0.5,11,0.842810
ml_v2,15,persistence,0.5,21,0.912684
ml_v2,15,persistence,0.5,51,0.970793
ml_v2,15,persistence,0.5,101,0.987962
ml_v2,15,persistence,1,1,0.570306
ml_v2,15,persistence,1,5,0.707370
ml_v2,15,persistence,1,11,0.802097
ml_v2,15,persistence,1,21,0.888079
ml_v2,15,persistence,1,51,0.962242
ml_v2,15,persistence,1,101,0.984068
ml_v2,15,persistence,2,1,0.465241
ml_v2,15,persistence,2,5,0.621696
ml_v2,15,persistence,2,11,0.735414
ml_v2,15,persistence,2,21,0.843780
ml_v2,15,persistence,2,51,0.944325
ml_v2,15,persistence,2,101,0.976403
ml_v2,15,persistence,4,1,0.348916
ml_v2,15,persistence,4,5,0.511875
ml_v2,15,persistence,4,11,0.639655
ml_v2,15,persistence,4,21,0.772339
ml_v2,15,persistence,4,51,0.909462
ml_v2,15,persistence,4,101,0.956281
ml_v2,15,persistence,8,1,0.233925
ml_v2,15,persistence,8,5,0.359699
ml_v2,15,persistence,8,11,0.495811
ml_v2,15,persistence,8,21,0.673889
ml_v2,15,persistence,8,51,0.873238
ml_v2,15,persistence,8,101,0.933499
ml_v2,30,advection,0.5,1,0.694665
ml_v2,30,advection,0.5,5,0.811057
ml_v2,30,advection,0.5,11,0.871742
ml_v2,30,advection,0.5,21,0.915994
ml_v2,30,advection,0.5,51,0.959988
ml_v2,30,advection,0.5,101,0.979825
ml_v2,30,advection,1,1,0.618446
ml_v2,30,advection,1,5,0.758480
ml_v2,30,advection,1,11,0.834481
ml_v2,30,advection,1,21,0.891027
ml_v2,30,advection,1,51,0.948239
ml_v2,30,advection,1,101,0.973685
ml_v2,30,advection,2,1,0.500008
ml_v2,30,advection,2,5,0.670283
ml_v2,30,advection,2,11,0.769339
ml_v2,30,advection,2,21,0.844123
ml_v2,30,advection,2,51,0.920728
ml_v2,30,advection,2,101,0.957439
ml_v2,30,advection,4,1,0.340423
ml_v2,30,advection,4,5,0.536874
ml_v2,30,advection,4,11,0.667077
ml_v2,30,advection,4,21,0.768201
ml_v2,30,advection,4,51,0.875250
ml_v2,30,advection,4,101,0.928572
ml_v2,30,advection,8,1,0.186046
ml_v2,30,advection,8,5,0.369951
ml_v2,30,advection,8,11,0.529748
ml_v2,30,advection,8,21,0.666259
ml_v2,30,advection,8,51,0.814872
ml_v2,30,advection,8,101,0.881864
ml_v2,30,model_m0,0.5,1,0.673204
ml_v2,30,model_m0,0.5,5,0.793575
ml_v2,30,model_m0,0.5,11,0.859297
ml_v2,30,model_m0,0.5,21,0.910108
ml_v2,30,model_m0,0.5,51,0.960722
ml_v2,30,model_m0,0.5,101,0.981769
ml_v2,30,model_m0,1,1,0.596049
ml_v2,30,model_m0,1,5,0.738800
ml_v2,30,model_m0,1,11,0.818936
ml_v2,30,model_m0,1,21,0.882657
ml_v2,30,model_m0,1,51,0.947992
ml_v2,30,model_m0,1,101,0.975819
ml_v2,30,model_m0,2,1,0.482444
ml_v2,30,model_m0,2,5,0.649608
ml_v2,30,model_m0,2,11,0.748754
ml_v2,30,model_m0,2,21,0.829856
ml_v2,30,model_m0,2,51,0.915799
ml_v2,30,model_m0,2,101,0.955827
ml_v2,30,model_m0,4,1,0.350137
ml_v2,30,model_m0,4,5,0.532154
ml_v2,30,model_m0,4,11,0.651050
ml_v2,30,model_m0,4,21,0.756688
ml_v2,30,model_m0,4,51,0.874805
ml_v2,30,model_m0,4,101,0.930070
ml_v2,30,model_m0,8,1,0.227960
ml_v2,30,model_m0,8,5,0.391527
ml_v2,30,model_m0,8,11,0.520492
ml_v2,30,model_m0,8,21,0.651938
ml_v2,30,model_m0,8,51,0.806405
ml_v2,30,model_m0,8,101,0.866159
ml_v2,30,model_mean,0.5,1,0.734749
ml_v2,30,model_mean,0.5,5,0.838224
ml_v2,30,model_mean,0.5,11,0.888336
ml_v2,30,model_mean,0.5,21,0.924542
ml_v2,30,model_mean,0.5,51,0.959535
ml_v2,30,model_mean,0.5,101,0.974670
ml_v2,30,model_mean,1,1,0.679117
ml_v2,30,model_mean,1,5,0.802091
ml_v2,30,model_mean,1,11,0.863329
ml_v2,30,model_mean,1,21,0.908959
ml_v2,30,model_mean,1,51,0.953858
ml_v2,30,model_mean,1,101,0.973022
ml_v2,30,model_mean,2,1,0.580156
ml_v2,30,model_mean,2,5,0.733306
ml_v2,30,model_mean,2,11,0.813059
ml_v2,30,model_mean,2,21,0.875204
ml_v2,30,model_mean,2,51,0.936557
ml_v2,30,model_mean,2,101,0.963102
ml_v2,30,model_mean,4,1,0.444996
ml_v2,30,model_mean,4,5,0.624552
ml_v2,30,model_mean,4,11,0.723571
ml_v2,30,model_mean,4,21,0.804567
ml_v2,30,model_mean,4,51,0.883775
ml_v2,30,model_mean,4,101,0.919630
ml_v2,30,model_mean,8,1,0.288701
ml_v2,30,model_mean,8,5,0.453612
ml_v2,30,model_mean,8,11,0.568202
ml_v2,30,model_mean,8,21,0.678603
ml_v2,30,model_mean,8,51,0.790914
ml_v2,30,model_mean,8,101,0.825904
ml_v2,30,persistence,0.5,1,0.560712
ml_v2,30,persistence,0.5,5,0.665127
ml_v2,30,persistence,0.5,11,0.739045
ml_v2,30,persistence,0.5,21,0.817231
ml_v2,30,persistence,0.5,51,0.918264
ml_v2,30,persistence,0.5,101,0.961602
ml_v2,30,persistence,1,1,0.480605
ml_v2,30,persistence,1,5,0.597629
ml_v2,30,persistence,1,11,0.682332
ml_v2,30,persistence,1,21,0.774337
ml_v2,30,persistence,1,51,0.897690
ml_v2,30,persistence,1,101,0.951493
ml_v2,30,persistence,2,1,0.369951
ml_v2,30,persistence,2,5,0.494759
ml_v2,30,persistence,2,11,0.588736
ml_v2,30,persistence,2,21,0.696705
ml_v2,30,persistence,2,51,0.853123
ml_v2,30,persistence,2,101,0.929065
ml_v2,30,persistence,4,1,0.253428
ml_v2,30,persistence,4,5,0.366268
ml_v2,30,persistence,4,11,0.456624
ml_v2,30,persistence,4,21,0.572934
ml_v2,30,persistence,4,51,0.766016
ml_v2,30,persistence,4,101,0.877732
ml_v2,30,persistence,8,1,0.164059
ml_v2,30,persistence,8,5,0.233114
ml_v2,30,persistence,8,11,0.302467
ml_v2,30,persistence,8,21,0.430446
ml_v2,30,persistence,8,51,0.681507
ml_v2,30,persistence,8,101,0.820175
ml_v2,45,advection,0.5,1,0.631419
ml_v2,45,advection,0.5,5,0.743027
ml_v2,45,advection,0.5,11,0.810821
ml_v2,45,advection,0.5,21,0.866241
ml_v2,45,advection,0.5,51,0.928889
ml_v2,45,advection,0.5,101,0.961801
ml_v2,45,advection,1,1,0.547788
ml_v2,45,advection,1,5,0.678766
ml_v2,45,advection,1,11,0.761597
ml_v2,45,advection,1,21,0.830718
ml_v2,45,advection,1,51,0.910107
ml_v2,45,advection,1,101,0.951310
ml_v2,45,advection,2,1,0.423181
ml_v2,45,advection,2,5,0.575728
ml_v2,45,advection,2,11,0.678027
ml_v2,45,advection,2,21,0.764114
ml_v2,45,advection,2,51,0.866258
ml_v2,45,advection,2,101,0.924388
ml_v2,45,advection,4,1,0.272066
ml_v2,45,advection,4,5,0.438443
ml_v2,45,advection,4,11,0.564037
ml_v2,45,advection,4,21,0.674395
ml_v2,45,advection,4,51,0.806293
ml_v2,45,advection,4,101,0.881278
ml_v2,45,advection,8,1,0.129996
ml_v2,45,advection,8,5,0.256474
ml_v2,45,advection,8,11,0.381325
ml_v2,45,advection,8,21,0.516266
ml_v2,45,advection,8,51,0.688952
ml_v2,45,advection,8,101,0.784542
ml_v2,45,model_m0,0.5,1,0.614322
ml_v2,45,model_m0,0.5,5,0.728563
ml_v2,45,model_m0,0.5,11,0.799643
ml_v2,45,model_m0,0.5,21,0.861488
ml_v2,45,model_m0,0.5,51,0.931183
ml_v2,45,model_m0,0.5,101,0.965663
ml_v2,45,model_m0,1,1,0.531255
ml_v2,45,model_m0,1,5,0.663036
ml_v2,45,model_m0,1,11,0.747155
ml_v2,45,model_m0,1,21,0.822834
ml_v2,45,model_m0,1,51,0.911537
ml_v2,45,model_m0,1,101,0.955734
ml_v2,45,model_m0,2,1,0.412831
ml_v2,45,model_m0,2,5,0.560164
ml_v2,45,model_m0,2,11,0.658415
ml_v2,45,model_m0,2,21,0.750382
ml_v2,45,model_m0,2,51,0.866373
ml_v2,45,model_m0,2,101,0.929853
ml_v2,45,model_m0,4,1,0.290965
ml_v2,45,model_m0,4,5,0.443670
ml_v2,45,model_m0,4,11,0.553642
ml_v2,45,model_m0,4,21,0.663860
ml_v2,45,model_m0,4,51,0.809064
ml_v2,45,model_m0,4,101,0.890334
ml_v2,45,model_m0,8,1,0.178012
ml_v2,45,model_m0,8,5,0.298741
ml_v2,45,model_m0,8,11,0.407929
ml_v2,45,model_m0,8,21,0.541643
ml_v2,45,model_m0,8,51,0.713339
ml_v2,45,model_m0,8,101,0.792542
ml_v2,45,model_mean,0.5,1,0.680585
ml_v2,45,model_mean,0.5,5,0.782758
ml_v2,45,model_mean,0.5,11,0.838707
ml_v2,45,model_mean,0.5,21,0.883789
ml_v2,45,model_mean,0.5,51,0.932540
ml_v2,45,model_mean,0.5,101,0.956634
ml_v2,45,model_mean,1,1,0.621213
ml_v2,45,model_mean,1,5,0.741020
ml_v2,45,model_mean,1,11,0.807747
ml_v2,45,model_mean,1,21,0.863029
ml_v2,45,model_mean,1,51,0.924591
ml_v2,45,model_mean,1,101,0.954725
ml_v2,45,model_mean,2,1,0.509768
ml_v2,45,model_mean,2,5,0.654184
ml_v2,45,model_mean,2,11,0.737394
ml_v2,45,model_mean,2,21,0.808789
ml_v2,45,model_mean,2,51,0.891750
ml_v2,45,model_mean,2,101,0.933021
ml_v2,45,model_mean,4,1,0.372362
ml_v2,45,model_mean,4,5,0.528983
ml_v2,45,model_mean,4,11,0.623400
ml_v2,45,model_mean,4,21,0.710028
ml_v2,45,model_mean,4,51,0.810839
ml_v2,45,model_mean,4,101,0.859458
ml_v2,45,model_mean,8,1,0.233563
ml_v2,45,model_mean,8,5,0.358017
ml_v2,45,model_mean,8,11,0.448101
ml_v2,45,model_mean,8,21,0.550691
ml_v2,45,model_mean,8,51,0.676013
ml_v2,45,model_mean,8,101,0.719806
ml_v2,45,persistence,0.5,1,0.514963
ml_v2,45,persistence,0.5,5,0.611022
ml_v2,45,persistence,0.5,11,0.679737
ml_v2,45,persistence,0.5,21,0.754264
ml_v2,45,persistence,0.5,51,0.867189
ml_v2,45,persistence,0.5,101,0.930141
ml_v2,45,persistence,1,1,0.433598
ml_v2,45,persistence,1,5,0.539783
ml_v2,45,persistence,1,11,0.617280
ml_v2,45,persistence,1,21,0.703205
ml_v2,45,persistence,1,51,0.836241
ml_v2,45,persistence,1,101,0.912362
ml_v2,45,persistence,2,1,0.322428
ml_v2,45,persistence,2,5,0.431153
ml_v2,45,persistence,2,11,0.513422
ml_v2,45,persistence,2,21,0.609112
ml_v2,45,persistence,2,51,0.769506
ml_v2,45,persistence,2,101,0.873773
ml_v2,45,persistence,4,1,0.213421
ml_v2,45,persistence,4,5,0.305642
ml_v2,45,persistence,4,11,0.378983
ml_v2,45,persistence,4,21,0.475456
ml_v2,45,persistence,4,51,0.654688
ml_v2,45,persistence,4,101,0.793339
ml_v2,45,persistence,8,1,0.141942
ml_v2,45,persistence,8,5,0.195833
ml_v2,45,persistence,8,11,0.248866
ml_v2,45,persistence,8,21,0.345504
ml_v2,45,persistence,8,51,0.542938
ml_v2,45,persistence,8,101,0.707236
ml_v2,60,advection,0.5,1,0.578175
ml_v2,60,advection,0.5,5,0.683232
ml_v2,60,advection,0.5,11,0.753073
ml_v2,60,advection,0.5,21,0.815624
ml_v2,60,advection,0.5,51,0.893454
ml_v2,60,advection,0.5,101,0.939257
ml_v2,60,advection,1,1,0.490980
ml_v2,60,advection,1,5,0.612174
ml_v2,60,advection,1,11,0.695712
ml_v2,60,advection,1,21,0.771734
ml_v2,60,advection,1,51,0.867033
ml_v2,60,advection,1,101,0.922813
ml_v2,60,advection,2,1,0.362214
ml_v2,60,advection,2,5,0.497832
ml_v2,60,advection,2,11,0.597080
ml_v2,60,advection,2,21,0.688930
ml_v2,60,advection,2,51,0.807703
ml_v2,60,advection,2,101,0.882343
ml_v2,60,advection,4,1,0.223304
ml_v2,60,advection,4,5,0.363215
ml_v2,60,advection,4,11,0.476833
ml_v2,60,advection,4,21,0.585793
ml_v2,60,advection,4,51,0.729232
ml_v2,60,advection,4,101,0.820660
ml_v2,60,advection,8,1,0.093206
ml_v2,60,advection,8,5,0.181418
ml_v2,60,advection,8,11,0.276402
ml_v2,60,advection,8,21,0.394595
ml_v2,60,advection,8,51,0.571105
ml_v2,60,advection,8,101,0.681693
ml_v2,60,model_m0,0.5,1,0.566121
ml_v2,60,model_m0,0.5,5,0.673101
ml_v2,60,model_m0,0.5,11,0.744012
ml_v2,60,model_m0,0.5,21,0.811104
ml_v2,60,model_m0,0.5,51,0.896150
ml_v2,60,model_m0,0.5,101,0.944534
ml_v2,60,model_m0,1,1,0.479570
ml_v2,60,model_m0,1,5,0.601208
ml_v2,60,model_m0,1,11,0.683753
ml_v2,60,model_m0,1,21,0.763706
ml_v2,60,model_m0,1,51,0.867628
ml_v2,60,model_m0,1,101,0.927544
ml_v2,60,model_m0,2,1,0.360965
ml_v2,60,model_m0,2,5,0.492268
ml_v2,60,model_m0,2,11,0.585278
ml_v2,60,model_m0,2,21,0.678820
ml_v2,60,model_m0,2,51,0.810910
ml_v2,60,model_m0,2,101,0.893256
ml_v2,60,model_m0,4,1,0.247281
ml_v2,60,model_m0,4,5,0.378989
ml_v2,60,model_m0,4,11,0.478762
ml_v2,60,model_m0,4,21,0.587202
ml_v2,60,model_m0,4,51,0.745185
ml_v2,60,model_m0,4,101,0.845950
ml_v2,60,model_m0,8,1,0.152454
ml_v2,60,model_m0,8,5,0.249156
ml_v2,60,model_m0,8,11,0.345556
ml_v2,60,model_m0,8,21,0.480457
ml_v2,60,model_m0,8,51,0.676238
ml_v2,60,model_m0,8,101,0.768975
ml_v2,60,model_mean,0.5,1,0.635436
ml_v2,60,model_mean,0.5,5,0.735635
ml_v2,60,model_mean,0.5,11,0.793717
ml_v2,60,model_mean,0.5,21,0.844094
ml_v2,60,model_mean,0.5,51,0.903686
ml_v2,60,model_mean,0.5,101,0.936157
ml_v2,60,model_mean,1,1,0.570288
ml_v2,60,model_mean,1,5,0.686721
ml_v2,60,model_mean,1,11,0.755457
ml_v2,60,model_mean,1,21,0.816467
ml_v2,60,model_mean,1,51,0.890820
ml_v2,60,model_mean,1,101,0.931576
ml_v2,60,model_mean,2,1,0.450207
ml_v2,60,model_mean,2,5,0.585139
ml_v2,60,model_mean,2,11,0.668198
ml_v2,60,model_mean,2,21,0.745495
ml_v2,60,model_mean,2,51,0.842902
ml_v2,60,model_mean,2,101,0.895745
ml_v2,60,model_mean,4,1,0.315372
ml_v2,60,model_mean,4,5,0.450908
ml_v2,60,model_mean,4,11,0.537133
ml_v2,60,model_mean,4,21,0.624093
ml_v2,60,model_mean,4,51,0.737566
ml_v2,60,model_mean,4,101,0.798995
ml_v2,60,model_mean,8,1,0.196043
ml_v2,60,model_mean,8,5,0.288413
ml_v2,60,model_mean,8,11,0.358119
ml_v2,60,model_mean,8,21,0.446082
ml_v2,60,model_mean,8,51,0.547738
ml_v2,60,model_mean,8,101,0.577731
ml_v2,60,persistence,0.5,1,0.482536
ml_v2,60,persistence,0.5,5,0.572623
ml_v2,60,persistence,0.5,11,0.637068
ml_v2,60,persistence,0.5,21,0.707571
ml_v2,60,persistence,0.5,51,0.820363
ml_v2,60,persistence,0.5,101,0.895493
ml_v2,60,persistence,1,1,0.400942
ml_v2,60,persistence,1,5,0.499237
ml_v2,60,persistence,1,11,0.570822
ml_v2,60,persistence,1,21,0.650907
ml_v2,60,persistence,1,51,0.781311
ml_v2,60,persistence,1,101,0.870106
ml_v2,60,persistence,2,1,0.289708
ml_v2,60,persistence,2,5,0.387258
ml_v2,60,persistence,2,11,0.460780
ml_v2,60,persistence,2,21,0.547486
ml_v2,60,persistence,2,51,0.699141
ml_v2,60,persistence,2,101,0.814647
ml_v2,60,persistence,4,1,0.189640
ml_v2,60,persistence,4,5,0.269605
ml_v2,60,persistence,4,11,0.330192
ml_v2,60,persistence,4,21,0.409452
ml_v2,60,persistence,4,51,0.563539
ml_v2,60,persistence,4,101,0.706517
ml_v2,60,persistence,8,1,0.124942
ml_v2,60,persistence,8,5,0.166055
ml_v2,60,persistence,8,11,0.203026
ml_v2,60,persistence,8,21,0.274583
ml_v2,60,persistence,8,51,0.434494
ml_v2,60,persistence,8,101,0.598845
ml_v2,pooled,advection,0.5,1,0.670603
ml_v2,pooled,advection,0.5,5,0.782403
ml_v2,pooled,advection,0.5,11,0.843100
ml_v2,pooled,advection,0.5,21,0.890408
ml_v2,pooled,advection,0.5,51,0.941869
ml_v2,pooled,advection,0.5,101,0.968450
ml_v2,pooled,advection,1,1,0.593022
ml_v2,pooled,advection,1,5,0.726552
ml_v2,pooled,advection,1,11,0.801677
ml_v2,pooled,advection,1,21,0.861133
ml_v2,pooled,advection,1,51,0.926266
ml_v2,pooled,advection,1,101,0.959414
ml_v2,pooled,advection,2,1,0.474913
ml_v2,pooled,advection,2,5,0.635320
ml_v2,pooled,advection,2,11,0.730542
ml_v2,pooled,advection,2,21,0.806342
ml_v2,pooled,advection,2,51,0.890941
ml_v2,pooled,advection,2,101,0.937052
ml_v2,pooled,advection,4,1,0.327822
ml_v2,pooled,advection,4,5,0.512396
ml_v2,pooled,advection,4,11,0.633598
ml_v2,pooled,advection,4,21,0.731662
ml_v2,pooled,advection,4,51,0.840848
ml_v2,pooled,advection,4,101,0.900794
ml_v2,pooled,advection,8,1,0.188596
ml_v2,pooled,advection,8,5,0.357346
ml_v2,pooled,advection,8,11,0.492109
ml_v2,pooled,advection,8,21,0.612201
ml_v2,pooled,advection,8,51,0.753829
ml_v2,pooled,advection,8,101,0.828942
ml_v2,pooled,model_m0,0.5,1,0.652084
ml_v2,pooled,model_m0,0.5,5,0.768111
ml_v2,pooled,model_m0,0.5,11,0.832802
ml_v2,pooled,model_m0,0.5,21,0.885715
ml_v2,pooled,model_m0,0.5,51,0.943256
ml_v2,pooled,model_m0,0.5,101,0.971344
ml_v2,pooled,model_m0,1,1,0.574305
ml_v2,pooled,model_m0,1,5,0.710928
ml_v2,pooled,model_m0,1,11,0.788850
ml_v2,pooled,model_m0,1,21,0.854096
ml_v2,pooled,model_m0,1,51,0.926776
ml_v2,pooled,model_m0,1,101,0.962450
ml_v2,pooled,model_m0,2,1,0.461700
ml_v2,pooled,model_m0,2,5,0.620061
ml_v2,pooled,model_m0,2,11,0.714126
ml_v2,pooled,model_m0,2,21,0.794927
ml_v2,pooled,model_m0,2,51,0.890103
ml_v2,pooled,model_m0,2,101,0.940640
ml_v2,pooled,model_m0,4,1,0.338529
ml_v2,pooled,model_m0,4,5,0.512329
ml_v2,pooled,model_m0,4,11,0.623529
ml_v2,pooled,model_m0,4,21,0.724332
ml_v2,pooled,model_m0,4,51,0.845450
ml_v2,pooled,model_m0,4,101,0.910155
ml_v2,pooled,model_m0,8,1,0.224457
ml_v2,pooled,model_m0,8,5,0.380896
ml_v2,pooled,model_m0,8,11,0.501635
ml_v2,pooled,model_m0,8,21,0.628342
ml_v2,pooled,model_m0,8,51,0.780121
ml_v2,pooled,model_m0,8,101,0.845851
ml_v2,pooled,model_mean,0.5,1,0.712208
ml_v2,pooled,model_mean,0.5,5,0.813873
ml_v2,pooled,model_mean,0.5,11,0.864330
ml_v2,pooled,model_mean,0.5,21,0.902970
ml_v2,pooled,model_mean,0.5,51,0.943511
ml_v2,pooled,model_mean,0.5,101,0.963339
ml_v2,pooled,model_mean,1,1,0.657298
ml_v2,pooled,model_mean,1,5,0.777843
ml_v2,pooled,model_mean,1,11,0.838439
ml_v2,pooled,model_mean,1,21,0.885875
ml_v2,pooled,model_mean,1,51,0.936799
ml_v2,pooled,model_mean,1,101,0.961496
ml_v2,pooled,model_mean,2,1,0.557860
ml_v2,pooled,model_mean,2,5,0.706547
ml_v2,pooled,model_mean,2,11,0.783318
ml_v2,pooled,model_mean,2,21,0.845014
ml_v2,pooled,model_mean,2,51,0.912432
ml_v2,pooled,model_mean,2,101,0.945101
ml_v2,pooled,model_mean,4,1,0.431523
ml_v2,pooled,model_mean,4,5,0.603930
ml_v2,pooled,model_mean,4,11,0.695311
ml_v2,pooled,model_mean,4,21,0.770995
ml_v2,pooled,model_mean,4,51,0.852280
ml_v2,pooled,model_mean,4,101,0.891548
ml_v2,pooled,model_mean,8,1,0.293346
ml_v2,pooled,model_mean,8,5,0.453472
ml_v2,pooled,model_mean,8,11,0.553645
ml_v2,pooled,model_mean,8,21,0.647508
ml_v2,pooled,model_mean,8,51,0.747800
ml_v2,pooled,model_mean,8,101,0.783527
ml_v2,pooled,persistence,0.5,1,0.550427
ml_v2,pooled,persistence,0.5,5,0.652538
ml_v2,pooled,persistence,0.5,11,0.724094
ml_v2,pooled,persistence,0.5,21,0.797310
ml_v2,pooled,persistence,0.5,51,0.893616
ml_v2,pooled,persistence,0.5,101,0.943449
ml_v2,pooled,persistence,1,1,0.470985
ml_v2,pooled,persistence,1,5,0.585469
ml_v2,pooled,persistence,1,11,0.667479
ml_v2,pooled,persistence,1,21,0.753395
ml_v2,pooled,persistence,1,51,0.868685
ml_v2,pooled,persistence,1,101,0.929042
ml_v2,pooled,persistence,2,1,0.361497
ml_v2,pooled,persistence,2,5,0.483231
ml_v2,pooled,persistence,2,11,0.573985
ml_v2,pooled,persistence,2,21,0.673601
ml_v2,pooled,persistence,2,51,0.815923
ml_v2,pooled,persistence,2,101,0.898054
ml_v2,pooled,persistence,4,1,0.251550
ml_v2,pooled,persistence,4,5,0.363804
ml_v2,pooled,persistence,4,11,0.452015
ml_v2,pooled,persistence,4,21,0.558350
ml_v2,pooled,persistence,4,51,0.724133
ml_v2,pooled,persistence,4,101,0.834126
ml_v2,pooled,persistence,8,1,0.166669
ml_v2,pooled,persistence,8,5,0.239852
ml_v2,pooled,persistence,8,11,0.314783
ml_v2,pooled,persistence,8,21,0.434114
ml_v2,pooled,persistence,8,51,0.635598
ml_v2,pooled,persistence,8,101,0.767550
